source_file,project_name,sector,progress_percent,cost_cr
1755859326954-PCDO  JULY-2025.txt,S ONLY WHICH ARE IN PROGRESS,Railways,91,
1755859326954-PCDO  JULY-2025.txt,Date of sanction: Sep’15,Railways,100,199.12
1755859326954-PCDO  JULY-2025.txt,Date of sanctioned: Nov’15,Railways,100,141.47
1755859326954-PCDO  JULY-2025.txt,completed & commissioned.,Railways,100,198.98
1755859326954-PCDO  JULY-2025.txt,Date of sanction: Sep’2015,Railways,88,171.36
1755859326954-PCDO  JULY-2025.txt,TARGETED IN 2025-26:,Roads,97,
1755859326954-PCDO  JULY-2025.txt,Ajni - Nagpur (2.91Km) 3rd & 4th line.,Railways,50,
1755859326954-PCDO  JULY-2025.txt,20A for all villages,Railways,75,629.77
1755859326954-PCDO  JULY-2025.txt,Date of Cumulative Expenditure up to ₹ 2677.01 Cr. (Cap) (CR.),Railways,98,99.59
1755859326954-PCDO  JULY-2025.txt,TARGETED 2025-26:,Railways,85,4872.53
1755859326954-PCDO  JULY-2025.txt,targeted for commissioning in 2025-26: -,Railways,94,853.62
1755859326954-PCDO  JULY-2025.txt,s % 16 15 94% Aug’25,Railways,94,
1755859326954-PCDO  JULY-2025.txt,to expedite the land acquisition,Railways,51,1441.65
1755859326954-PCDO  JULY-2025.txt,wise progress of Targeted Section in 2025-26: -,Roads,70,
1755859326954-PCDO  JULY-2025.txt,completed,,10,
1755859326954-PCDO  JULY-2025.txt,TKM 10.1 0 - 0,,9,674.11
1755859326954-PCDO  JULY-2025.txt,ing,Railways,92,1875.54
1755859326954-PCDO  JULY-2025.txt,S TARGETED IN 2025-26:,,98,
1755859326954-PCDO  JULY-2025.txt,in progress,,100,
1755859326954-PCDO  JULY-2025.txt,in progress.,,25,
1755859326954-PCDO  JULY-2025.txt,Date of sanction: Sep’15 Cumulative Expenditure up to ₹ 636.88 Cr. (Cap),Railways,50,636.88
1755859326954-PCDO  JULY-2025.txt,s,,35,
1755859326954-PCDO  JULY-2025.txt,of Mumbai Division of Central,Railways,75,
1755859326954-PCDO  JULY-2025.txt,4.4.1 Summary of salient Technical Details of project:,Railways,20,338.33
1755859326954-PCDO  JULY-2025.txt,1. Name of Project: Pen–Roha (P.B. Item No.27 of 2025-26),Railways,0,381.7
1755859326954-PCDO  JULY-2025.txt,S,Railways,10,113.92
1755859326954-PCDO  JULY-2025.txt,Not available.,Railways,5,3284.78
1755859326954-PCDO  JULY-2025.txt,Jalgaon- Manmad 4th line (Umbrella work)(P.B. Item No.46,Railways,5,2573.72
1755859326954-PCDO  JULY-2025.txt,Date of sanction: BG 25-26: -,,0,
1755859326954-PCDO  JULY-2025.txt,Date of sanction: BG 25-26: -,,0,
1755859326954-PCDO  JULY-2025.txt,ing,Railways,4,353.08
1755859326954-PCDO  JULY-2025.txt,S TARGETED IN 2025-26:,Railways,70,2538.67
1755859326954-PCDO  JULY-2025.txt,Date of sanction: Cumulative Expenditure up to ₹ 1735.37 Cr. (Cap),,47,697.0
1755859326954-PCDO  JULY-2025.txt,S TARGETED IN 2025-26:,Railways,40,277.19
1755859326954-PCDO  JULY-2025.txt,will provide much needed connectivity between Wardha on Howrah-,Railways,10,1000.42
1755859326954-PCDO  JULY-2025.txt,-Belapur-Seawood-Uran (PH-81 MTP) (Pink Book Item No 266 of,Railways,100,495.46
1755859326954-PCDO  JULY-2025.txt,Date of sanction: LNL-PLTN section – Cumulative Expenditure upto ₹ 643.66 Cr. (Cap),Railways,50,43.0
1755859326954-PCDO  JULY-2025.txt,Vaibhavwadi-Kolhapur (P.B. Item No.9# of 2025-26) DPR,Railways,72,2750.0
1755859326954-PCDO  JULY-2025.txt,for which sanction was conveyed vide Railway Board's letter,Railways,72,3438.51
1755859326954-PCDO  JULY-2025.txt,Date of sanction: Jan’2019 ROR: -4.35%,Railways,35,169.84
1755859326954-PCDO  JULY-2025.txt,Nos. 4 0 0 Dec-26,,10,
1755859326954-PCDO  JULY-2025.txt,Dhule (Borvihir)-Nardana (Umbrella work) (PB no. 14 of,Railways,90,492.76
1755859326954-PCDO  JULY-2025.txt,Kalyan-Murbad via Ambivali (PB. 15# of 2025-26),Railways,35,726.46
1755859326954-PCDO  JULY-2025.txt,"s, after examination replay sent to HQ",Railways,35,863.14
1755859326954-PCDO  JULY-2025.txt,Karad-Chiplun (P.B. Item No. 5# of 2025-26),Railways,0,1200.0
1755859326954-PCDO  JULY-2025.txt,Date of sanctioned: July’18 ROR: -2.04%,Railways,4,1560.0
1755859326954-PCDO  JULY-2025.txt,Date of sanctioned: Jun’18 ROR: -2.99%,Railways,99,1149.0
1755859326954-PCDO  JULY-2025.txt,Date of sanctioned: Nov’17 Revised Anticipated cost dated 18.02.2020 ₹ 161.15 Cr.,Railways,0,160.0
1755859326954-PCDO  JULY-2025.txt,Indore-Manmad via Malegaon (P.B. Item No.7# of,Railways,9,9968.1
1755859326954-PCDO  JULY-2025.txt,Indore-Manmad New B.G. Railway Line has been,Railways,336,8857.98
1755859326954-PCDO  JULY-2025.txt,Not available.,Railways,5,5804.37
1755859326954-PCDO  JULY-2025.txt,Babupeth-Sasti New Rail Line (Umbrella work)(P.B. Item No.,Railways,0,362.81
1755859326954-PCDO  JULY-2025.txt,Additional Hotgi Bypass Line(5.85 Km),,0,
1755859326954-PCDO  JULY-2025.txt,Panvel-Chord Line (7.54 Km),,638,
1755859326954-PCDO  JULY-2025.txt,Rahuri - Shani Shingnapur New Line (21.84 Km),,0,
1755859326954-PCDO  JULY-2025.txt,Miraj Chord Line (1.73 Km),,0,
1755859326954-PCDO  JULY-2025.txt,Pachora - Jamner with extension upto Malkapur-,Railways,10,849.68
1755859326954-PCDO  JULY-2025.txt,Date of sanctioned: 01.04.19 ROR: NA,Railways,11,1619.96
1755859326954-PCDO  JULY-2025.txt,STRANSFERRED TO MRIDL: -,Railways,86,5341.68
1755859326954-PCDO  JULY-2025.txt,s for the month of July’25,Railways,33,401.8
1755859326954-PCDO  JULY-2025.txt,s for the month of July’25,Railways,50,585.74
1755859326954-PCDO  JULY-2025.txt,shop has,Railways,28,605.2
1755859326954-PCDO  JULY-2025.txt,Land proposal Area Govt./ Status,Railways,30,6.28
1755859326954-PCDO  JULY-2025.txt,11 was issued on 23.05.2022 for direct,Railways,30,13.95
1755859326954-PCDO  JULY-2025.txt,pending. SSE(P/way) CLA yard office handed over on,Railways,45,21.0
1755859326954-PCDO  JULY-2025.txt,s for the Month of July’25,Railways,33,143.99
1755859326954-PCDO  JULY-2025.txt,s for the month of July’25,Railways,33,135.3
1755859326954-PCDO  JULY-2025.txt,for year 2019-20 & 2020-21,Railways,100,
1755859326954-PCDO  JULY-2025.txt,etuoR,Railways,75,
1755859326954-PCDO  JULY-2025.txt,etuoR,Railways,100,
1755859326954-PCDO  JULY-2025.txt,")rC ni( erahs s'ylR )rC ni( erahS etatS ni( 4202'raM ot pU .pxE )evitalumuc( )rC otpu ei 52-42 gnirud pxE 52'raM 52-4202 rof GB 52-4202 rof GF ecnalaB gnirahS tsoC fo tnesnoC )AN /oN/seY( CL fo erusolc rof tnesnoC )oN/seY( noitrop ylR fo CDT sehcaorppA fo CDT devorppA DAG )N/ Y( etamitsE deliateD devorppA )N / Y( dedrawA redneT )N / Y( noitroP ylR fo .gorp % fo ssergorp % sehcaorppA ycnegA gnitucexE noitrop yawliaR ycnegA gnitucexE noitroP hcaorppA daoR fo epyT )RV,RM,RDO,RDM,HS,HN( rehtehW yawbuS/BUR/BOR )N/Y( ton ro elbisaef DETAILEDREMARKS-ReasonfortheDelayinapprovalof GAD, sanction of D.E., Completion of Bridge Proper & Approach FORCOMPLETEDWORKS(RLY/APPROACH),MENTION CLEARLY MONTH & YEAR OF COMPLETION",Railways,100,60.69
1755859326954-PCDO  JULY-2025.txt,")rC ni( erahs s'ylR )rC ni( erahS etatS ni( 4202'raM ot pU .pxE )evitalumuc( )rC otpu ei 52-42 gnirud pxE 52'raM 52-4202 rof GB 52-4202 rof GF ecnalaB gnirahS tsoC fo tnesnoC )AN /oN/seY( CL fo erusolc rof tnesnoC )oN/seY( noitrop ylR fo CDT sehcaorppA fo CDT devorppA DAG )N/ Y( etamitsE deliateD devorppA )N / Y( dedrawA redneT )N / Y( noitroP ylR fo .gorp % fo ssergorp % sehcaorppA ycnegA gnitucexE noitrop yawliaR ycnegA gnitucexE noitroP hcaorppA daoR fo epyT )RV,RM,RDO,RDM,HS,HN( rehtehW yawbuS/BUR/BOR )N/Y( ton ro elbisaef DETAILEDREMARKS-ReasonfortheDelayinapprovalof GAD, sanction of D.E., Completion of Bridge Proper & Approach FORCOMPLETEDWORKS(RLY/APPROACH),MENTION CLEARLY MONTH & YEAR OF COMPLETION",Railways,100,4.47
1755859326954-PCDO  JULY-2025.txt,")rC ni( erahs s'ylR )rC ni( erahS etatS ni( 4202'raM ot pU .pxE )evitalumuc( )rC otpu ei 52-42 gnirud pxE 52'raM 52-4202 rof GB 52-4202 rof GF ecnalaB gnirahS tsoC fo tnesnoC )AN /oN/seY( CL fo erusolc rof tnesnoC )oN/seY( noitrop ylR fo CDT sehcaorppA fo CDT devorppA DAG )N/ Y( etamitsE deliateD devorppA )N / Y( dedrawA redneT )N / Y( noitroP ylR fo .gorp % fo ssergorp % sehcaorppA ycnegA gnitucexE noitrop yawliaR ycnegA gnitucexE noitroP hcaorppA daoR fo epyT )RV,RM,RDO,RDM,HS,HN( rehtehW yawbuS/BUR/BOR )N/Y( ton ro elbisaef DETAILEDREMARKS-ReasonfortheDelayinapprovalof GAD, sanction of D.E., Completion of Bridge Proper & Approach FORCOMPLETEDWORKS(RLY/APPROACH),MENTION CLEARLY MONTH & YEAR OF COMPLETION",Railways,100,27.38
1755859326954-PCDO  JULY-2025.txt,")rC ni( erahs s'ylR )rC ni( erahS etatS ni( 4202'raM ot pU .pxE )evitalumuc( )rC otpu ei 52-42 gnirud pxE 52'raM 52-4202 rof GB 52-4202 rof GF ecnalaB gnirahS tsoC fo tnesnoC )AN /oN/seY( CL fo erusolc rof tnesnoC )oN/seY( noitrop ylR fo CDT sehcaorppA fo CDT devorppA DAG )N/ Y( etamitsE deliateD devorppA )N / Y( dedrawA redneT )N / Y( noitroP ylR fo .gorp % fo ssergorp % sehcaorppA ycnegA gnitucexE noitrop yawliaR ycnegA gnitucexE noitroP hcaorppA daoR fo epyT )RV,RM,RDO,RDM,HS,HN( rehtehW yawbuS/BUR/BOR )N/Y( ton ro elbisaef DETAILEDREMARKS-ReasonfortheDelayinapprovalof GAD, sanction of D.E., Completion of Bridge Proper & Approach FORCOMPLETEDWORKS(RLY/APPROACH),MENTION CLEARLY MONTH & YEAR OF COMPLETION",Railways,100,
1755859326954-PCDO  JULY-2025.txt,"etuoR )rC ni( erahs s'ylR )rC ni( erahS etatS ni( 5202'raM notpU .pxE )evitalumuc( )rC otpu .e.i 62-52 gnirud pxE 52'yluJ 62-5202 rof GB 62-5202 rof GF ecnalaB gnirahS tsoC fo tnesnoC )AN /oN/seY( CL fo erusolc rof tnesnoC )oN/seY( noitrop ylR fo CDT sehcaorppA fo CDT devorppA DAG )N/ Y( devorppA etamitsE deliateD )N / Y( dedrawA redneT )N / Y( noitroP ylR fo .gorp % sehcaorppA fo ssergorp % yawliaR ycnegA gnitucexE noitrop hcaorppA ycnegA gnitucexE noitroP daoR fo epyT )RV,RM,RDO,RDM,HS,HN( yawbuS/BUR/BOR rehtehW )N/Y( ton ro elbisaef DETAILED REMARKS - Reason for the Delay in approval of GAD, sanction of D.E., Completion of Bridge Proper & Approach Div FOR COMPLETED WORKS (RLY / APPROACH) , MENTION CLEARLY MONTH & YEAR OF COMPLETION",Railways,100,
1755859326954-PCDO  JULY-2025.txt,"etuoR )rC ni( erahs s'ylR )rC ni( erahS etatS ni( 5202'raM notpU .pxE )evitalumuc( )rC otpu .e.i 62-52 gnirud pxE 52'yluJ 62-5202 rof GB 62-5202 rof GF ecnalaB gnirahS tsoC fo tnesnoC )AN /oN/seY( CL fo erusolc rof tnesnoC )oN/seY( noitrop ylR fo CDT sehcaorppA fo CDT devorppA DAG )N/ Y( devorppA etamitsE deliateD )N / Y( dedrawA redneT )N / Y( noitroP ylR fo .gorp % sehcaorppA fo ssergorp % yawliaR ycnegA gnitucexE noitrop hcaorppA ycnegA gnitucexE noitroP daoR fo epyT )RV,RM,RDO,RDM,HS,HN( yawbuS/BUR/BOR rehtehW )N/Y( ton ro elbisaef DETAILED REMARKS - Reason for the Delay in approval of GAD, sanction of D.E., Completion of Bridge Proper & Approach Div FOR COMPLETED WORKS (RLY / APPROACH) , MENTION CLEARLY MONTH & YEAR OF COMPLETION",Railways,100,28.05
1755859326954-PCDO  JULY-2025.txt,"etuoR )rC ni( erahs s'ylR )rC ni( erahS etatS ni( 5202'raM notpU .pxE )evitalumuc( )rC otpu .e.i 62-52 gnirud pxE 52'yluJ 62-5202 rof GB 62-5202 rof GF ecnalaB gnirahS tsoC fo tnesnoC )AN /oN/seY( CL fo erusolc rof tnesnoC )oN/seY( noitrop ylR fo CDT sehcaorppA fo CDT devorppA DAG )N/ Y( devorppA etamitsE deliateD )N / Y( dedrawA redneT )N / Y( noitroP ylR fo .gorp % sehcaorppA fo ssergorp % yawliaR ycnegA gnitucexE noitrop hcaorppA ycnegA gnitucexE noitroP daoR fo epyT )RV,RM,RDO,RDM,HS,HN( yawbuS/BUR/BOR rehtehW )N/Y( ton ro elbisaef DETAILED REMARKS - Reason for the Delay in approval of GAD, sanction of D.E., Completion of Bridge Proper & Approach Div FOR COMPLETED WORKS (RLY / APPROACH) , MENTION CLEARLY MONTH & YEAR OF COMPLETION",Railways,100,7.98
1755859326954-PCDO  JULY-2025.txt,"etuoR )rC ni( erahs s'ylR )rC ni( erahS etatS )rC ni( 5202'raM notpU .pxE )evitalumuc( 52'yluJ ot pu .e.i 62-52 gnirud pxE 62-5202 rof GB 62-5202 rof GF ecnalaB /oN/seY( gnirahS tsoC fo tnesnoC )AN )oN/seY( CL fo erusolc rof tnesnoC noitrop ylR fo CDT sehcaorppA fo CDT )N/ Y( devorppA DAG devorppA etamitsE deliateD )N / Y( dedrawA redneT )N / Y( noitroP ylR fo .gorp % sehcaorppA fo ssergorp % noitrop yawliaR ycnegA gnitucexE hcaorppA ycnegA gnitucexE noitroP daoR fo epyT )RV,RM,RDO,RDM,HS,HN( yawbuS/BUR/BOR rehtehW )N/Y( ton ro elbisaef DETAILED REMARKS - Reason for the Delay in approval of GAD, sanction of D.E., Completion of Bridge Proper & Approach Div FOR COMPLETED WORKS (RLY / APPROACH) , MENTION CLEARLY MONTH & YEAR OF COMPLETION",Railways,0,18.15
1755859326954-PCDO  JULY-2025.txt,"etuoR )rC ni( erahs s'ylR )rC ni( erahS etatS )rC ni( 5202'raM notpU .pxE )evitalumuc( 52'yluJ ot pu .e.i 62-52 gnirud pxE 62-5202 rof GB 62-5202 rof GF ecnalaB /oN/seY( gnirahS tsoC fo tnesnoC )AN )oN/seY( CL fo erusolc rof tnesnoC noitrop ylR fo CDT sehcaorppA fo CDT )N/ Y( devorppA DAG devorppA etamitsE deliateD )N / Y( dedrawA redneT )N / Y( noitroP ylR fo .gorp % sehcaorppA fo ssergorp % noitrop yawliaR ycnegA gnitucexE hcaorppA ycnegA gnitucexE noitroP daoR fo epyT )RV,RM,RDO,RDM,HS,HN( yawbuS/BUR/BOR rehtehW )N/Y( ton ro elbisaef DETAILED REMARKS - Reason for the Delay in approval of GAD, sanction of D.E., Completion of Bridge Proper & Approach Div FOR COMPLETED WORKS (RLY / APPROACH) , MENTION CLEARLY MONTH & YEAR OF COMPLETION",Roads,0,28.71
1755859326954-PCDO  JULY-2025.txt,"etuoR )rC ni( erahs s'ylR )rC ni( erahS etatS )rC ni( 5202'raM notpU .pxE )evitalumuc( 52'yluJ ot pu .e.i 62-52 gnirud pxE 62-5202 rof GB 62-5202 rof GF ecnalaB /oN/seY( gnirahS tsoC fo tnesnoC )AN )oN/seY( CL fo erusolc rof tnesnoC noitrop ylR fo CDT sehcaorppA fo CDT )N/ Y( devorppA DAG devorppA etamitsE deliateD )N / Y( dedrawA redneT )N / Y( noitroP ylR fo .gorp % sehcaorppA fo ssergorp % noitrop yawliaR ycnegA gnitucexE hcaorppA ycnegA gnitucexE noitroP daoR fo epyT )RV,RM,RDO,RDM,HS,HN( yawbuS/BUR/BOR rehtehW )N/Y( ton ro elbisaef DETAILED REMARKS - Reason for the Delay in approval of GAD, sanction of D.E., Completion of Bridge Proper & Approach Div FOR COMPLETED WORKS (RLY / APPROACH) , MENTION CLEARLY MONTH & YEAR OF COMPLETION",Railways,0,15.0
1755859326954-PCDO  JULY-2025.txt,"etuoR )rC ni( erahs s'ylR )rC ni( erahS etatS ni( 4202'raM notpU .pxE )evitalumuc( )rC ot pu .e.i 52-42 gnirud pxE 52'raM 52-4202 rof GB 52-4202 rof GF ecnalaB gnirahS tsoC fo tnesnoC )AN /oN/seY( CL fo erusolc rof tnesnoC )oN/seY( noitrop ylR fo CDT sehcaorppA fo CDT devorppA DAG )N/ Y( etamitsE deliateD devorppA dedrawA redneT )N / Y( noitroP ylR fo .gorp % sehcaorppA fo ssergorp % yawliaR ycnegA gnitucexE noitrop ycnegA gnitucexE noitroP hcaorppA daoR fo epyT )RV,RM,RDO,RDM,HS,HN( rehtehW elbisaef yawbuS/BUR/BOR DETAILED REMARKS - Reason for the Delay in approval of GAD, sanction of D.E., Completion of Bridge Proper & Approach Div FOR COMPLETED WORKS (RLY / APPROACH) , MENTION CLEARLY MONTH & YEAR OF COMPLETION",Railways,0,26.5
1755859326954-PCDO  JULY-2025.txt,"etuoR )rC ni( erahs s'ylR )rC ni( erahS etatS ni( 4202'raM notpU .pxE )evitalumuc( )rC ot pu .e.i 52-42 gnirud pxE 52'raM 52-4202 rof GB 52-4202 rof GF ecnalaB gnirahS tsoC fo tnesnoC )AN /oN/seY( CL fo erusolc rof tnesnoC )oN/seY( noitrop ylR fo CDT sehcaorppA fo CDT devorppA DAG )N/ Y( etamitsE deliateD devorppA dedrawA redneT )N / Y( noitroP ylR fo .gorp % sehcaorppA fo ssergorp % yawliaR ycnegA gnitucexE noitrop ycnegA gnitucexE noitroP hcaorppA daoR fo epyT )RV,RM,RDO,RDM,HS,HN( rehtehW elbisaef yawbuS/BUR/BOR DETAILED REMARKS - Reason for the Delay in approval of GAD, sanction of D.E., Completion of Bridge Proper & Approach Div FOR COMPLETED WORKS (RLY / APPROACH) , MENTION CLEARLY MONTH & YEAR OF COMPLETION",Railways,0,17.41
1755859326954-PCDO  JULY-2025.txt,Remarks,Railways,100,74.53
1755859326954-PCDO  JULY-2025.txt,Remarks,Railways,100,51.85
1755859326954-PCDO  JULY-2025.txt,Remarks,Railways,0,194.2
1755859326954-PCDO  JULY-2025.txt,Km Sanction Surveys,Railways,72,
3efa8705_informatics_october_25.txt,like this,,100,
3efa8705_informatics_october_25.txt,s have been successfully,,70,
3efa8705_informatics_october_25.txt,ing with the National,,99,
3efa8705_informatics_october_25.txt,"Sadbhavana by Hon’ble CM Shri Himanta Biswa Sarma DPR planning, PFMS-enabled payments, and geo-",,100,
3efa8705_informatics_october_25.txt,(NKN) Point of Presence in Assam has,,27,
3efa8705_informatics_october_25.txt,", benefitting both residents and migrant",,64,
